{
  "fp32_test_mse": 1.4515270565052583e-05,
  "int8_test_mse": 4.0134927553277545e-05
}