{
  "fp32_test_mse": 3.4092644182446675e-05,
  "int8_test_mse": 6.275182191557439e-05
}